,Player,MPG,PER,VORP,BPM,OBPM,WS,OWS,DWS
0,Alex Abrines,15.742618330581442,9.255835851476633,-0.1,-4.1980397539597885,-1.3712256949087847,3.2067400554133645,2.8302433423985294,0.3764967130148351
1,Quincy Acy,19.13613568091752,8.00598619066047,-0.1,-4.46644683989277,-2.715815726848444,-0.5461284274607794,-0.19920348097268653,-0.34692494648809286
2,Steven Adams,33.15301122574272,20.541539216664386,3.3,-0.15969516773277537,0.4869621599790823,11.714048488964181,9.554589841590555,2.1594586473736257
3,Bam Adebayo,21.41866911034331,16.21942418589899,0.8,-1.5072870194707961,-5.615085058936057,6.511470472748932,4.233584829467137,2.2778856432817944
4,Arron Afflalo,12.903126957980794,5.906188038816068,-0.7,-6.720970082412231,-2.2876447434856244,0.767506800947598,0.5100604762579319,0.2574463246896661
5,Cole Aldrich,2.520764420150053,6.198506058305347,-0.1,-8.627872289397107,-7.419509358926672,1.9758775921704,2.711286227215683,-0.7354086350452831
6,LaMarcus Aldridge,33.911554023138855,26.137767838568745,3.3,3.1543729311507738,2.3038399045241835,14.403148096425522,9.118910531241536,5.284237565183986
7,Jarrett Allen,20.01388888888889,17.5,0.8,-2.602363931293066,-2.93191902334262,4.2,2.7,1.5
8,Kadeem Allen,5.944444444444445,2.6,-0.1,-8.005814578715722,-6.939082978067065,-0.1,-0.2,0.1
9,Tony Allen,12.409090909090908,8.7,-0.2,-8.303336552734319,-6.053550994951761,0.1,-0.2,0.30000000000000004
10,Al-Farouq Aminu,30.028985507246375,12.0,1.6,-0.46117430534286186,-1.3662903076710369,4.2,0.9,3.3000000000000003
11,Justin Anderson,13.657894736842104,13.0,0.0,-3.59571438371496,-2.164986593731706,1.2,0.6,0.6
12,Kyle Anderson,26.72972972972973,15.9,3.0,2.2491466824244597,-2.4486727118837948,6.2,2.4,3.8000000000000003
13,Ryan Anderson,26.136363636363637,12.6,1.0,-1.9537209142515561,-0.6663421728805718,4.8,3.1,1.6999999999999997
14,Ike Anigbogu,2.727272727272727,21.6,0.0,-6.035265901301751,-6.279544702146473,0.1,0.1,0.0
15,Giannis Antetokounmpo,36.74666666666667,27.3,5.4,4.9590694877500034,2.759654774666787,11.9,8.3,3.5999999999999996
16,Carmelo Anthony,32.06410256410256,12.7,-1.1,-7.292313273275431,-2.711295742843613,3.7,1.2,2.5
17,OG Anunoby,20.013513513513512,10.0,1.0,-0.6152549549388641,-0.9529700540928188,3.0,1.4,1.6
18,Ryan Arcidiacono,12.666666666666666,7.3,-0.2,-5.617236479459308,-4.201101161496881,0.3,0.1,0.19999999999999998
19,Trevor Ariza,33.865671641791046,11.8,2.0,-0.06420759979557622,-0.5857699329872366,5.3,2.6,2.6999999999999997
20,Darrell Arthur,7.421052631578948,8.4,-0.1,-5.531618455550825,-3.1856123548291273,0.0,-0.2,0.2
21,Jamel Artis,18.6,6.9,-0.3,-8.390637034734207,-6.029386428703535,0.0,-0.1,0.1
22,Omer Asik,10.11111111111111,3.1,-0.3,-9.590338118735978,-9.033572322358962,-0.1,-0.2,0.1
23,D.J. Augustin,23.466666666666665,15.4,0.5,-0.7870618383461915,1.6604037247316181,4.1,3.3,0.7999999999999998
24,Luke Babbitt,14.3,9.8,-0.2,-3.1172138976728485,-2.3428082358876114,0.9,0.5,0.4
25,Dwayne Bacon,13.452830188679245,5.8,-0.7,-6.301611791174993,-6.784167132247765,-0.1,-0.7,0.6
26,Ron Baker,13.275862068965518,9.3,0.1,-2.403809422341043,-4.193972345470023,0.5,0.1,0.4
27,Wade Baldwin,11.428571428571429,16.6,0.0,-2.323900600562064,0.6256221822483254,0.3,0.2,0.09999999999999998
28,Lonzo Ball,34.23076923076923,12.5,1.7,0.8676081519941731,-3.333263022007298,2.0,-0.5,2.5
29,J.J. Barea,23.231884057971016,17.8,0.8,-2.733005765388419,1.4112517546078647,3.3,2.3,1.0
30,Harrison Barnes,34.20779220779221,15.8,-0.1,-3.161452410914692,-1.5210446396935438,3.8,2.0,1.7999999999999998
31,Will Barton,33.123456790123456,16.2,2.0,-1.8058391493947732,1.144139153963121,6.2,4.4,1.7999999999999998
32,Nicolas Batum,30.953125,14.4,1.7,-0.7148159341466638,0.9247840499498933,3.5,1.7,1.8
33,Jerryd Bayless,23.71794871794872,7.5,-0.2,-2.817553657977971,-4.317706261462476,1.1,0.2,0.9000000000000001
34,Aron Baynes,18.333333333333332,12.1,0.1,-2.7168937636300674,-6.546131667041665,3.0,0.5,2.5
35,Kent Bazemore,27.523076923076925,14.5,1.1,-2.0133256830109603,-3.8079206056757857,2.2,0.2,2.0
36,Bradley Beal,36.30487804878049,18.4,2.7,0.3736265988887022,1.2505948718907256,6.9,4.4,2.5
37,Malik Beasley,9.403225806451612,9.0,-0.5,-6.444624636129218,-2.858062554013628,0.3,0.1,0.19999999999999998
38,Michael Beasley,22.33783783783784,17.8,0.2,-2.8330271331142365,0.9674576150607941,2.4,0.9,1.5
39,Marco Belinelli,24.3375,14.1,0.3,-4.139441076095635,-0.9223993605944114,3.7,2.4,1.3000000000000003
40,Jordan Bell,14.192982456140351,18.0,1.2,2.1279580597059824,-1.36309753949915,2.9,1.6,1.2999999999999998
41,DeAndre' Bembry,17.5,7.6,-0.3,-6.380419168105224,-8.40729009634418,-0.4,-0.9,0.5
42,Dragan Bender,25.23170731707317,7.1,-0.4,-6.1306302779450075,-3.977234224117775,0.1,-0.7,0.7999999999999999
43,Davis Bertans,14.103896103896103,14.1,0.8,-0.5252509669813459,0.05329699010983413,3.1,1.6,1.5
44,Patrick Beverley,30.363636363636363,12.3,0.2,-1.5099009220468433,-1.180898271257119,0.4,0.1,0.30000000000000004
45,Khem Birch,13.761904761904763,16.4,0.3,-2.1149245240977823,-2.8857052103047365,1.8,1.2,0.6000000000000001
46,Jabari Bird,8.846153846153847,12.1,0.0,-4.090732710163358,-2.338564598381608,0.2,0.1,0.1
47,Bismack Biyombo,18.23170731707317,14.1,0.2,-3.6002387449940083,-4.639668097530172,2.9,1.1,1.7999999999999998
48,Nemanja Bjelica,20.46268656716418,12.6,0.9,-1.0902686457441426,-1.2614411882488112,2.8,1.7,1.0999999999999999
49,Tarik Black,10.509803921568627,14.3,0.1,-3.12313821121528,-3.754741883599374,1.5,0.5,1.0
50,Antonio Blakeney,16.526315789473685,10.1,-0.4,-8.474644427878705,-5.958666987457278,0.0,-0.2,0.2
51,Eric Bledsoe,31.37837837837838,19.7,2.4,-0.015340738325813064,1.9222367103698987,5.6,3.1,2.4999999999999996
52,Vander Blue,9.0,-1.8,-0.1,-11.822725342556728,-8.507694577259349,-0.1,-0.1,0.0
53,Bogdan Bogdanovic,27.884615384615383,13.5,0.6,-2.585796620573383,1.2283255426514514,2.9,1.8,1.0999999999999999
54,Bojan Bogdanovic,30.8,13.9,0.8,-1.7453690127972652,0.040157268294060966,5.4,3.8,1.6000000000000005
55,Andrew Bogut,9.391304347826088,10.9,0.1,-1.8155557068259407,-4.848961477758033,0.4,0.1,0.30000000000000004
56,Joel Bolomboy,6.333333333333333,11.7,-0.1,-8.203709382640072,-3.488537248836206,0.1,0.0,0.1
57,Devin Booker,34.53703703703704,18.1,1.2,-1.4824883477150022,0.6572051287696419,2.4,1.9,0.5
58,Trevor Booker,17.029411764705884,14.9,0.4,-2.6061748209209386,-0.8920317113949676,2.9,1.6,1.2999999999999998
59,Chris Boucher,1.0,-28.5,0.0,-61.260635519407465,-39.962070239548645,0.0,0.0,0.0
60,Avery Bradley,31.152173913043477,9.6,-0.8,-5.87399952473571,-3.619123929112158,-0.2,-1.4,1.2
61,Tony Bradley,3.2222222222222223,9.5,-0.1,-11.735429777366619,-6.937646726950068,0.0,0.0,0.0
62,Corey Brewer,16.77777777777778,11.2,0.4,-2.9061105181610527,-3.4015405820293996,2.3,0.7,1.5999999999999999
63,Malcolm Brogdon,29.916666666666668,14.3,0.2,-2.843653623753273,1.457890227491609,2.7,2.0,0.7000000000000002
64,Aaron Brooks,5.90625,9.8,-0.1,-5.297431113070775,0.3896908195456392,0.1,0.1,0.0
65,Dillon Brooks,28.658536585365855,9.8,-0.7,-4.913865391982631,-2.4250216764699783,1.2,0.1,1.0999999999999999
66,MarShon Brooks,27.571428571428573,26.1,0.3,3.89161327224774,4.164813051324986,0.7,0.6,0.09999999999999998
67,Anthony Brown,4.0,41.9,0.0,2.2038552048283915,17.457966672836488,0.0,0.0,0.0
68,Bobby Brown,5.75,5.5,-0.2,-10.029510956404213,-5.566296974939746,-0.2,-0.3,0.09999999999999998
69,Jaylen Brown,30.742857142857144,13.6,1.0,-1.9351450006025412,0.7103994333336664,4.5,1.2,3.3
70,Lorenzo Brown,9.928571428571429,8.2,0.0,-5.125197173323707,-3.490701495798003,0.2,0.0,0.2
71,Markel Brown,7.75,-1.2,-0.1,-9.107319062685194,-7.45980310738047,0.0,-0.1,0.1
72,Sterling Brown,14.37037037037037,9.1,-0.4,-5.053778026501973,-5.72901907123037,0.7,0.0,0.7
73,Nicolas Brussino,2.5,-4.6,0.0,-18.272017485795885,-15.081714763533205,0.0,0.0,0.0
74,Thomas Bryant,4.8,9.9,0.0,-8.398355542932297,-4.9285595129282855,0.1,0.0,0.1
75,Reggie Bullock,27.93548387096774,13.6,1.2,-2.119581167008395,-0.40210448632779916,4.2,2.8,1.4000000000000004
76,Trey Burke,21.805555555555557,21.0,0.6,-1.1765228991202896,2.8103045505586075,2.4,2.0,0.3999999999999999
77,Alec Burks,16.546875,13.1,-0.2,-5.180472430029643,-5.007526480334876,1.9,0.2,1.7
78,Jimmy Butler,36.67796610169491,23.7,3.8,4.00753010774943,4.827091012193239,8.9,7.1,1.8000000000000007
79,Dwight Buycks,14.724137931034482,12.8,-0.2,-5.588281035890596,-4.512763468201751,0.2,-0.2,0.4
80,Bruno Caboclo,8.916666666666666,7.7,-0.1,-6.839172004819142,-5.844929060040538,0.0,-0.1,0.1
81,Jose Calderon,16.035087719298247,11.3,0.0,-3.4228123918036837,-1.0753717922977442,1.8,1.5,0.30000000000000004
82,Kentavious Caldwell-Pope,33.21621621621622,13.2,1.9,-1.0062903341460947,-0.2654890483950091,5.3,2.6,2.6999999999999997
83,Isaiah Canaan,21.1,13.5,0.0,-3.2292353722701965,-0.8321376227778686,0.6,0.5,0.09999999999999998
84,Clint Capela,27.486486486486488,24.5,2.6,1.7769276996157786,-0.7606313779316982,10.2,6.2,3.999999999999999
85,DeMarre Carroll,29.863013698630137,14.3,1.2,0.14286583581033124,-0.005316575885508712,4.1,2.3,1.7999999999999998
86,Vince Carter,17.689655172413794,10.8,0.2,-3.64539484566676,-3.556119810235562,1.2,0.3,0.8999999999999999
87,Michael Carter-Williams,16.057692307692307,10.8,0.3,-1.8265123784886792,-5.8806940650296795,0.9,-0.2,1.1
88,Alex Caruso,15.18918918918919,8.7,-0.1,-3.9706642290109624,-4.174484677644903,0.5,-0.1,0.6
89,Omri Casspi,13.962264150943396,15.5,0.1,-3.5491623915149373,-2.5402236951725587,2.2,1.2,1.0000000000000002
90,Willie Cauley-Stein,28.0,17.6,1.2,-1.9904816849002396,-1.3965155551389632,3.9,1.7,2.2
91,Tyler Cavanaugh,13.282051282051283,13.0,0.1,-2.5536808208902237,0.7225310482410181,1.2,0.9,0.29999999999999993
92,Mario Chalmers,21.53030303030303,10.4,-0.3,-3.427320225893133,-3.263539468034132,0.6,-0.6,1.2
93,Tyson Chandler,25.02173913043478,14.2,0.5,-1.0994871441945373,-3.115387490184995,2.7,1.9,0.8000000000000003
94,Wilson Chandler,31.7027027027027,11.0,0.6,-1.5018458876027,-2.834894079731047,3.3,2.1,1.1999999999999997
95,Marquese Chriss,21.208333333333332,11.1,0.0,-4.597534292358706,-4.577975301561589,0.7,-0.8,1.5
96,Ian Clark,19.66216216216216,9.4,-0.7,-6.799665649495649,-1.688871305002734,1.1,0.3,0.8
97,Jordan Clarkson,23.308641975308642,16.4,0.1,-3.039737039226565,-2.33260653140207,3.0,1.9,1.1
98,Gian Clavell,9.142857142857142,7.4,0.0,-5.226310721135086,-2.4119398436030295,0.1,0.0,0.1
99,Antonius Cleveland,7.235294117647059,4.5,-0.1,-6.452480757179011,-8.13818574516863,0.0,-0.2,0.2
100,John Collins,24.12162162162162,18.3,1.7,-0.6368700842119617,-1.3975754226420267,5.4,3.4,2.0000000000000004
101,Zach Collins,15.833333333333334,7.5,-0.3,-5.6502049218181565,-5.072489803650409,0.6,-0.7,1.2999999999999998
102,Kyle Collinsworth,15.0,10.0,0.0,-3.190452495553771,-5.466542530956025,0.5,-0.1,0.6
103,Darren Collison,29.246376811594203,18.8,2.1,0.8985330801044209,0.9803951481165192,7.6,5.8,1.7999999999999998
104,Nick Collison,5.0,13.2,-0.1,-9.056699762505446,-3.939138020228562,0.1,0.1,0.0
105,Mike Conley,31.083333333333332,15.4,0.0,-4.70164215981708,-0.560556461320515,0.6,0.4,0.19999999999999996
106,Pat Connaughton,18.146341463414632,9.3,0.3,-2.5875891137759686,-0.6531772714338716,2.5,1.2,1.3
107,Quinn Cook,22.424242424242426,12.8,0.0,-2.6417859523081404,-0.821069201938147,1.6,1.1,0.5
108,Charles Cooke,2.923076923076923,-5.1,-0.1,-15.346240453963782,-13.085631432613066,-0.2,-0.2,0.0
109,Jack Cooley,12.428571428571429,19.7,0.0,-1.5729707489087348,-1.9875897837635415,0.3,0.3,0.0
110,Matt Costello,8.0,9.7,0.0,-0.35344168027808376,-5.273028368673051,0.1,0.0,0.1
111,DeMarcus Cousins,36.1875,22.6,3.3,1.7082021896631234,1.8049756713291272,4.7,1.5,3.2
112,Robert Covington,31.65,12.9,2.9,1.1797256067410031,-0.6777776758594493,6.1,1.6,4.5
113,Allen Crabbe,29.293333333333333,12.3,0.7,-3.081619685046384,-1.506975555318114,3.2,1.8,1.4000000000000001
114,Torrey Craig,16.128205128205128,9.8,-0.1,-3.111316179983247,-3.9509540471598656,0.9,0.5,0.4
115,Jamal Crawford,20.6625,13.0,-0.8,-5.448434108290172,0.7661882000533464,1.3,0.9,0.4
116,Jordan Crawford,10.6,19.1,0.0,-3.2414907928036083,1.7945630063699487,0.2,0.1,0.1
117,Jae Crowder,26.125,10.4,0.1,-3.1207191149117226,-1.7890554920631834,2.6,1.0,1.6
118,Dante Cunningham,21.397260273972602,10.0,0.2,-3.4586550811760195,-4.335563866241134,2.4,1.1,1.2999999999999998
119,Stephen Curry,31.980392156862745,28.2,4.4,8.401230068024631,8.36475788779821,9.1,7.2,1.8999999999999995
120,Troy Daniels,20.531645569620252,9.8,-0.4,-4.316856893853671,-1.4831293632633085,1.4,1.4,0.0
121,Anthony Davis,36.36,28.9,4.9,4.841669664291497,2.5561928122881836,13.7,8.8,4.899999999999999
122,Deyonta Davis,15.209677419354838,16.6,0.3,-2.5239808401708785,-2.601935282145095,2.7,1.9,0.8000000000000003
123,Ed Davis,18.858974358974358,15.5,0.7,-1.8706419309554756,-2.6797827952817186,5.0,2.5,2.5
124,Dewayne Dedmon,24.870967741935484,15.8,1.0,-0.15911697576249928,-1.287893403718304,3.7,1.8,1.9000000000000001
125,Sam Dekker,12.095890410958905,11.5,-0.2,-3.9141820873852198,-3.320021056118568,1.2,0.6,0.6
126,Malcolm Delaney,18.77777777777778,10.6,-0.4,-4.908644195563436,-3.7595922144063354,1.0,0.4,0.6
127,Matthew Dellavedova,18.736842105263158,8.6,-0.7,-7.512119542528378,-2.5832458836374252,0.5,0.3,0.2
128,Luol Deng,13.0,5.5,0.0,-10.135236340917217,-6.876961016120417,0.0,0.0,0.0
129,DeMar DeRozan,33.8875,21.0,2.6,0.6967483857985532,1.0266795841535803,9.6,6.8,2.8
130,Cheick Diallo,11.173076923076923,17.0,-0.2,-3.667670873987541,-3.9831782819269734,1.9,1.1,0.7999999999999998
131,Gorgui Dieng,16.873417721518987,14.7,0.5,-1.7737542544215072,-1.427468879365021,2.9,1.6,1.2999999999999998
132,Spencer Dinwiddie,28.825,15.9,1.3,-0.3931550848664785,0.9020256144658401,5.7,4.3,1.4000000000000004
133,Tyler Dorsey,17.392857142857142,10.0,-0.5,-7.268850670404979,-0.6927249709434933,0.4,0.0,0.4
134,Damyean Dotson,10.772727272727273,11.6,-0.1,-4.828423888893281,-1.4361180258182182,0.6,0.3,0.3
135,Milton Doyle,12.5,5.2,-0.1,-5.501525047249624,-6.230363039758935,-0.1,-0.3,0.19999999999999998
136,PJ Dozier,1.5,-5.0,0.0,-36.54986810120391,-25.77071932150059,0.0,0.0,0.0
137,Goran Dragic,31.706666666666667,16.6,1.2,0.3361916213941941,-1.3641481444692847,5.3,2.9,2.4
138,Larry Drew,7.0,2.9,-0.2,-11.266816320322361,-8.241416845039538,-0.1,-0.1,0.0
139,Andre Drummond,33.65384615384615,22.9,5.0,3.9959515335960245,-1.0640076950978863,10.3,4.6,5.700000000000001
140,Jared Dudley,14.291666666666666,8.8,0.0,-2.8230627960098524,-3.910343141726286,0.8,0.5,0.30000000000000004
141,Kris Dunn,29.326923076923077,14.5,0.7,-1.4558271887002507,-1.811759996513092,0.8,-1.0,1.8
142,Kevin Durant,34.19117647058823,26.0,4.5,3.622965969900644,3.444650942325824,10.4,7.5,2.9000000000000004
143,Jarell Eddie,3.0,-1.9,0.0,-11.218454811302284,-10.279278296598301,0.0,0.0,0.0
144,Henry Ellenson,8.657894736842104,10.5,-0.4,-8.205340553895274,-4.596564235792466,0.1,-0.2,0.30000000000000004
145,Wayne Ellington,26.506493506493506,12.5,1.0,-0.7424892015846184,-0.060083837705855014,4.5,2.6,1.9
146,Joel Embiid,30.349206349206348,22.9,2.2,0.05442737974585521,-0.9334443599618992,6.2,2.3,3.9000000000000004
147,James Ennis,22.27777777777778,11.6,0.4,-2.46819696946723,-2.3659197964689356,3.1,2.0,1.1
148,Tyler Ennis,12.648148148148149,11.1,-0.1,-4.072304782250932,-4.3776987242266125,0.8,0.1,0.7000000000000001
149,Jawun Evans,16.208333333333332,7.2,-0.5,-5.837600591384609,-4.582289345679546,-0.2,-0.8,0.6000000000000001
150,Jeremy Evans,5.0,10.4,0.0,-9.618668560855625,-3.012528296515085,0.0,0.0,0.0
151,Tyreke Evans,30.903846153846153,21.1,2.3,2.1927707690180402,4.699130998596465,4.2,3.1,1.1
152,Dante Exum,16.785714285714285,16.7,0.0,-4.815129604667899,-2.675109392698473,0.7,0.3,0.39999999999999997
153,Kenneth Faried,14.40625,17.4,0.0,-2.3713731832495117,-1.811288619803502,1.3,0.9,0.4
154,Derrick Favors,27.961038961038962,18.8,2.5,0.04585392732000493,1.010611876858698,8.0,4.5,3.5
155,Kay Felder,8.75,3.6,-0.4,-13.828768376965927,-8.33918396429054,-0.5,-0.6,0.09999999999999998
156,Cristiano Felicio,17.763636363636362,12.5,-0.1,-3.341802841697105,-3.312845031249166,1.7,1.2,0.5
157,Raymond Felton,16.646341463414632,13.0,-0.3,-4.468681214101349,-2.5022591983659197,2.2,0.9,1.3000000000000003
158,Terrance Ferguson,12.508196721311476,7.4,-0.1,-3.4331255579027555,-2.2336381489046655,1.2,0.7,0.5
159,Yogi Ferrell,27.829268292682926,11.4,0.6,-2.339211071065234,-2.1401083164532806,3.0,1.5,1.5
160,Dorian Finney-Smith,21.333333333333332,7.6,-0.1,-4.568802172031573,-4.022069150904841,0.1,-0.2,0.30000000000000004
161,Bryn Forbes,18.9625,9.1,-0.4,-4.594218876190234,-1.0414395330315809,2.1,0.8,1.3
162,Evan Fournier,32.228070175438596,15.5,0.7,-4.330035269059667,1.3628818703689354,3.3,2.4,0.8999999999999999
163,De'Aaron Fox,27.753424657534246,11.2,-1.2,-3.369517809168965,-2.4708867944876562,-0.6,-1.7,1.1
164,Tim Frazier,14.203389830508474,11.3,0.0,-4.608570448136247,-2.9584018629142737,1.4,0.4,0.9999999999999999
165,Channing Frye,13.11320754716981,13.1,0.1,-3.2883942098699164,-2.4546141141085718,1.5,0.9,0.6
166,Markelle Fultz,18.071428571428573,12.4,-0.1,-5.310920606658087,-4.951103690387651,0.2,-0.2,0.4
167,Danilo Gallinari,31.952380952380953,13.8,0.1,-3.890372446472353,-2.0064407464504592,1.2,0.8,0.3999999999999999
168,Langston Galloway,14.879310344827585,12.2,0.1,-0.7097341963950603,0.5995270368314083,1.4,0.5,0.8999999999999999
169,Marc Gasol,32.986301369863014,17.4,2.1,-0.3208893954738039,-1.31499887003783,4.0,1.5,2.5
170,Pau Gasol,23.532467532467532,18.9,2.4,0.1692878260844286,-2.33742080334209,6.0,2.7,3.3
171,Rudy Gay,21.596491228070175,18.0,0.7,-1.0477683209265762,-1.9084389539127928,3.1,1.0,2.1
172,Paul George,36.59493670886076,18.7,3.3,0.9538937616010466,2.1478980249431925,8.9,5.0,3.9000000000000004
173,Marcus Georges-Hunt,5.333333333333333,6.9,-0.1,-5.5697571874084755,-3.0168117452040457,0.2,0.2,0.0
174,Jonathan Gibson,10.0,25.4,0.0,-1.2746521798754524,7.960008232975772,0.2,0.1,0.1
175,Taj Gibson,33.24390243902439,15.4,2.1,-1.7055997731125507,-0.14018143262306404,7.2,5.4,1.7999999999999998
176,Manu Ginobili,19.984615384615385,12.9,0.3,-2.4515062207314955,-1.5693375440532018,2.2,0.6,1.6
177,Rudy Gobert,32.42857142857143,20.7,2.9,2.8072585291644048,0.24180714552018162,8.1,4.2,3.8999999999999995
178,Aaron Gordon,32.91379310344828,16.5,1.0,-1.6489557875489895,-0.06292538107931223,2.9,0.9,2.0
179,Eric Gordon,31.217391304347824,15.2,0.5,-1.8893394654296616,-1.1585320198008637,4.7,2.9,1.8000000000000003
180,Marcin Gortat,25.304878048780488,14.7,1.2,-0.7062987464720389,-4.157650182243511,4.9,2.4,2.5000000000000004
181,Treveon Graham,16.666666666666668,9.0,0.3,-1.9329942859479181,-0.20700425251383503,1.8,1.1,0.7
182,Jerami Grant,20.333333333333332,16.2,0.6,-2.679136382487635,-2.7113204437402443,5.4,3.5,1.9000000000000004
183,Jerian Grant,22.783783783783782,14.3,0.0,-3.9363725214199423,-0.518934940235278,3.3,2.3,1.0
184,Josh Gray,17.2,7.2,-0.1,-6.834037986136551,-6.804333441882007,-0.2,-0.3,0.09999999999999998
185,Danny Green,25.585714285714285,11.4,1.4,0.33240788816131817,-2.3003000800358087,2.9,0.1,2.8
186,Draymond Green,32.67142857142857,16.1,3.0,2.605958635426376,-0.6598698570217078,6.1,2.6,3.4999999999999996
187,Gerald Green,22.658536585365855,14.1,0.0,-2.6831367167680886,-0.06741764897134428,2.1,1.0,1.1
188,JaMychal Green,28.036363636363635,14.0,0.2,-2.736855780035273,-3.1750002114473554,2.6,1.3,1.3
189,Jeff Green,23.435897435897434,14.8,0.1,-3.6815150270370935,-2.954910681120552,3.9,3.1,0.7999999999999998
190,Blake Griffin,33.96551724137931,19.6,2.4,0.53661014780028,2.574713382604019,4.9,3.2,1.7000000000000002
191,Daniel Hamilton,4.666666666666667,18.2,0.0,-4.0360837063048365,-0.4386950697918859,0.1,0.1,0.0
192,Tim Hardaway,33.07017543859649,14.4,0.9,-3.353355597552864,1.4297300469622183,2.6,1.6,1.0
193,James Harden,35.43055555555556,29.8,8.3,10.267804017013027,9.094080698534402,15.4,11.6,3.8000000000000007
194,Maurice Harkless,21.423728813559322,12.6,1.2,-1.4614678804217223,-3.421935261670776,3.2,1.6,1.6
195,Montrezl Harrell,17.013157894736842,24.7,1.5,-0.1218590637113266,2.538212157887873,5.5,4.3,1.2000000000000002
196,Devin Harris,18.87323943661972,13.0,0.0,-4.100797710241511,-0.4122462099373666,2.5,1.6,0.8999999999999999
197,Gary Harris,34.38805970149254,16.5,1.7,-1.1945326011577437,0.5069963281971992,5.5,3.9,1.6
198,Joe Harris,25.32051282051282,13.3,1.1,-1.1003320449594984,0.5792711053091336,4.0,3.0,1.0
199,Tobias Harris,33.35,17.1,1.8,-1.490520076447112,0.8875420949073044,6.7,4.2,2.5
200,Aaron Harrison,25.88888888888889,5.1,-0.1,-3.779428164841552,-7.591215957348425,-0.1,-0.3,0.19999999999999998
201,Andrew Harrison,23.678571428571427,12.7,-0.2,-3.839508509549276,-0.525333063961127,1.7,1.0,0.7
202,Shaquille Harrison,16.695652173913043,15.6,0.2,-0.4495514106042871,-1.7050154575935375,0.8,0.4,0.4
203,Josh Hart,23.19047619047619,12.2,0.7,-1.5135906241036987,0.18735591452694483,3.4,1.9,1.5
204,Udonis Haslem,5.142857142857143,1.8,-0.1,-7.379685591753744,-7.7183109854148215,-0.1,-0.1,0.0
205,Nigel Hayes,13.555555555555555,6.4,-0.1,-6.175970101053366,-6.075104056923072,-0.1,-0.2,0.1
206,Gordon Hayward,5.0,7.3,0.0,-12.491341663863707,-8.949005944349885,0.0,0.0,0.0
207,Reggie Hearn,2.3333333333333335,13.1,0.0,-2.755470499956033,3.2611382404425338,0.0,0.0,0.0
208,Myke Henry,18.9,9.7,0.1,-3.822286557782424,-4.333389423874709,0.1,-0.3,0.4
209,John Henson,25.92105263157895,15.7,1.2,-0.20705319142415368,-2.1380900589191016,4.9,2.8,2.1000000000000005
210,Juan Hernangomez,11.08,9.7,-0.1,-3.0080095841047445,-2.9918548110333933,0.4,0.2,0.2
211,Willy Hernangomez,10.3125,21.2,0.4,-1.3767887262386949,0.4172265722440872,1.8,1.1,0.7
212,Mario Hezonja,22.093333333333334,13.7,0.5,-3.2980705549821536,-1.2515505191720542,2.3,0.5,1.7999999999999998
213,Isaiah Hicks,13.333333333333334,6.8,-0.2,-7.230242649498478,-5.928062964199469,0.0,-0.1,0.1
214,Buddy Hield,25.3,16.1,0.9,-2.0961962190006176,-0.7397711290371618,2.8,1.3,1.4999999999999998
215,Nene Hilario,14.576923076923077,16.4,0.2,-3.949487513316309,-3.1734964596049586,2.6,1.5,1.1
216,George Hill,27.044776119402986,13.3,0.6,-1.81409578810079,-1.6029897218228928,3.2,2.3,0.9000000000000004
217,Solomon Hill,15.583333333333334,4.8,-0.1,-6.4980107398346005,-5.061317407006645,-0.1,-0.2,0.1
218,Darrun Hilliard,6.785714285714286,3.4,-0.1,-9.427036539024868,-7.254160040682558,0.0,-0.1,0.1
219,Jrue Holiday,36.135802469135804,17.8,3.0,1.7600523731779412,0.18502248673751587,7.1,4.2,2.8999999999999995
220,Justin Holiday,31.458333333333332,10.8,0.4,-4.194154776073625,-2.2439400963112934,1.7,0.1,1.5999999999999999
221,John Holland,7.25,5.9,-0.2,-8.843924370275747,-6.651981614006578,-0.2,-0.3,0.09999999999999998
222,Rondae Hollis-Jefferson,28.235294117647058,16.9,0.8,-0.434935457087137,-0.47129101311756316,4.1,2.1,1.9999999999999996
223,Richaun Holmes,15.541666666666666,17.4,0.7,-0.8799767882431084,-1.4212085144150668,2.8,1.6,1.1999999999999997
224,Rodney Hood,26.933333333333334,14.3,0.0,-4.905486216254982,-1.1966720337781183,2.7,1.2,1.5000000000000002
225,Scotty Hopson,8.0,-4.6,0.0,-21.969055390392647,-16.325421778603065,0.0,0.0,0.0
226,Al Horford,31.625,17.6,3.5,3.5315714957227984,2.4181625297042233,7.8,4.0,3.8
227,Danuel House,17.52173913043478,12.4,-0.1,-3.5506396525426305,-1.3638528578412472,0.6,0.4,0.19999999999999996
228,Dwight Howard,30.40740740740741,20.5,1.1,-1.2459403946491472,-1.813811329789042,6.8,2.9,3.9
229,Josh Huestis,14.231884057971014,5.4,-0.5,-4.950368374941522,-4.716559448907778,0.5,-0.5,1.0
230,R.J. Hunter,9.0,8.5,0.0,-5.943571959793559,-3.5816567623431377,0.0,0.0,0.0
231,Vince Hunter,1.75,35.8,0.0,-10.599735575208166,-4.7931732773948985,0.0,0.0,0.0
232,Serge Ibaka,27.539473684210527,14.7,1.0,-2.074675775194427,-1.2817904180524993,5.1,2.1,2.9999999999999996
233,Andre Iguodala,25.34375,11.2,0.9,-2.0190941175388737,-3.031320131199281,3.2,1.6,1.6
234,Ersan Ilyasova,25.057971014492754,14.9,0.9,-0.4730757815367981,0.3272683747683363,4.0,2.2,1.7999999999999998
235,Joe Ingles,31.4390243902439,14.4,3.3,1.6172428038056657,-1.142141520141951,7.6,4.0,3.5999999999999996
236,Andre Ingram,32.0,16.3,0.1,0.8836191150782284,-2.621697524083412,0.2,0.1,0.1
237,Brandon Ingram,33.47457627118644,13.8,0.4,-3.233649601916328,-3.116346798470535,2.8,1.0,1.7999999999999998
238,Kyrie Irving,32.18333333333333,25.0,4.0,4.689161288375429,4.539656809814199,8.9,6.3,2.6000000000000005
239,Jonathan Isaac,19.85185185185185,9.8,0.0,-1.7678106284787765,-6.218716987467905,0.2,-0.6,0.8
240,Wesley Iwundu,16.451612903225808,7.8,-0.4,-5.316338701594199,-3.380719904278286,0.7,0.0,0.7
241,Jarrett Jack,24.967741935483872,11.5,-0.6,-4.748328358431429,-4.181968195698417,1.2,0.5,0.7
242,Aaron Jackson,35.0,2.4,-0.1,-8.938436560184954,-6.5785760656927375,0.0,0.0,0.0
243,Demetrius Jackson,5.333333333333333,5.4,-0.1,-6.7157825534798,-7.469787402804118,-0.1,-0.2,0.1
244,Josh Jackson,25.441558441558442,11.8,-1.1,-5.384788784918282,-3.4776424146104414,-0.7,-2.0,1.3
245,Justin Jackson,22.147058823529413,9.2,-0.6,-3.0423354247129213,-3.1774944461180263,1.0,0.4,0.6
246,Reggie Jackson,26.68888888888889,15.9,0.2,-2.207890747973228,-0.3041579259470324,2.0,1.1,0.8999999999999999
247,LeBron James,36.90243902439025,28.6,8.9,8.314615974460187,4.356863221089588,14.0,11.0,3.0
248,Mike James,19.083333333333332,13.9,-0.1,-3.5473734699230572,-1.2475161111069846,0.2,-0.1,0.30000000000000004
249,Al Jefferson,13.444444444444445,20.2,0.2,-1.007890943203435,-1.8210016363276067,1.6,0.8,0.8
250,Richard Jefferson,8.15,6.4,-0.2,-7.5925424488829645,-4.522417226622809,0.1,0.1,0.0
251,Brandon Jennings,14.642857142857142,12.7,-0.1,-6.437188518438133,-2.685220873023658,0.1,0.0,0.1
252,Jonas Jerebko,15.324324324324325,13.2,0.4,-2.289553191370135,-1.0829970185116786,3.4,1.8,1.5999999999999999
253,Amir Johnson,15.824324324324325,14.8,1.5,0.13726913170951693,-4.038090662248476,4.1,2.1,1.9999999999999996
254,Brice Johnson,5.444444444444445,18.2,0.0,-3.596228880769877,-5.900846124508479,0.2,0.0,0.2
255,Dakari Johnson,5.193548387096774,16.4,0.1,-2.403299338064736,-1.2935478377189236,0.6,0.4,0.19999999999999996
256,James Johnson,26.616438356164384,15.8,1.8,-1.8774591247541468,-0.9623536284352371,4.9,2.2,2.7
257,Joe Johnson,21.90909090909091,8.1,-0.5,-6.596104364450007,-4.831979971014872,1.0,-0.3,1.3
258,Omari Johnson,18.75,10.5,0.0,-3.771264915536949,-0.7612785645477237,0.1,0.1,0.0
259,Stanley Johnson,27.44927536231884,9.0,0.2,-3.0322203217320003,-3.5307908883674415,1.8,-0.6,2.4
260,Tyler Johnson,28.5,13.0,0.9,-1.5503349591665367,-0.8874152303169465,4.2,1.9,2.3000000000000003
261,Wesley Johnson,20.08108108108108,9.8,0.9,-1.0350143060082457,-2.936873160041636,1.7,-0.1,1.8
262,Nikola Jokic,32.57333333333333,24.4,5.6,4.676032035864848,2.5739351032125555,10.7,7.8,2.8999999999999995
263,Damian Jones,5.933333333333334,6.8,-0.1,-5.229575710588297,-6.018802055922949,0.1,0.0,0.1
264,Derrick Jones,12.25,10.1,0.0,-2.4048961379812073,-3.6692794844105037,0.4,0.1,0.30000000000000004
265,Jalen Jones,11.3125,10.3,-0.2,-8.240100182928643,-5.420674344936056,0.1,0.0,0.1
266,Tyus Jones,17.890243902439025,14.1,0.9,-1.7922469714965605,0.18747225355611008,3.6,2.3,1.3000000000000003
267,DeAndre Jordan,31.48051948051948,20.2,2.5,2.460559416824256,0.516004716391417,9.4,6.0,3.4000000000000004
268,Cory Joseph,26.951219512195124,11.0,0.5,-1.8736312452869623,-4.147302692040654,3.1,1.2,1.9000000000000001
269,Frank Kaminsky,23.227848101265824,14.4,0.5,-2.1967030786955264,-0.7954312275326763,3.6,2.3,1.3000000000000003
270,Enes Kanter,25.774647887323944,24.0,2.1,1.6116950239627057,0.318518649034071,7.6,5.5,2.0999999999999996
271,Luke Kennard,20.041095890410958,12.1,0.2,-1.6074960937007252,-2.053751869945908,2.6,1.1,1.5
272,Michael Kidd-Gilchrist,25.0,12.5,0.1,-2.488451911499061,-2.661450367811972,3.2,1.6,1.6
273,Sean Kilpatrick,12.307692307692308,11.6,-0.7,-8.267084861654133,-3.3511770091209745,0.1,-0.2,0.30000000000000004
274,Maxi Kleber,16.75,13.4,0.7,-0.7239913290324778,-0.5391995776977363,2.8,1.6,1.1999999999999997
275,Furkan Korkmaz,5.714285714285714,3.4,-0.1,-7.315225594362774,-6.598821998615174,0.0,-0.1,0.1
276,Luke Kornet,16.3,13.6,0.2,-1.5106035207583648,-1.2291482245034124,0.5,0.2,0.3
277,Kyle Korver,21.561643835616437,13.4,0.9,-3.520718596023237,0.8057853172043161,3.4,2.8,0.6000000000000001
278,Kosta Koufos,19.591549295774648,17.5,0.9,-1.8914546819598455,-0.1486811375997492,3.9,2.3,1.6
279,Kyle Kuzma,31.181818181818183,14.2,0.4,-4.048528122609189,-0.8750598566355843,3.8,1.5,2.3
280,Mindaugas Kuzminskas,2.0,-41.1,0.0,-51.11626767591536,-38.14656431674728,0.0,0.0,0.0
281,Skal Labissiere,20.666666666666668,14.3,-0.2,-5.35328814750636,-3.9716680527951467,1.4,0.4,0.9999999999999999
282,Jeremy Lamb,24.5875,17.0,1.5,0.17994152545412812,-0.18328610353034658,4.9,3.0,1.9000000000000004
283,Shane Larkin,14.351851851851851,10.4,0.0,-4.734174690740241,-2.5072151245757768,1.4,0.3,1.0999999999999999
284,Joffrey Lauvergne,9.709090909090909,16.5,0.1,-2.9705872736810988,9.033622554377452e-05,1.3,0.6,0.7000000000000001
285,Zach LaVine,27.333333333333332,14.6,-0.1,-5.263650834295416,-0.4529907308332587,0.3,-0.1,0.4
286,Jake Layman,4.571428571428571,4.9,-0.1,-6.727464256723764,-5.920477013215557,-0.1,-0.3,0.19999999999999998
287,T.J. Leaf,8.660377358490566,10.7,-0.3,-6.459058650749884,-1.7681082441945817,0.8,0.5,0.30000000000000004
288,Courtney Lee,30.394736842105264,13.0,1.2,-2.043134001900537,-0.7275430343942553,3.9,2.7,1.1999999999999997
289,Damion Lee,26.933333333333334,12.0,0.0,-3.8789359353825645,-1.5793785587347284,0.4,0.0,0.4
290,Walt Lemon Jr.,7.0,6.9,-0.1,-12.692076787371438,-8.706104480427154,-0.1,-0.1,0.0
291,Alex Len,20.217391304347824,19.4,1.0,-0.7028443543671372,-1.7410562721954697,4.5,3.2,1.2999999999999998
292,Kawhi Leonard,23.333333333333332,26.0,0.4,2.2706607612430947,1.3740940902423904,0.9,0.3,0.6000000000000001
293,Meyers Leonard,7.696969696969697,17.8,0.2,-0.008872490733769278,0.7249433650062518,1.1,0.7,0.40000000000000013
294,Jon Leuer,17.0,8.9,-0.1,-6.495561715416726,-6.059044129802481,0.1,0.0,0.1
295,Caris LeVert,26.253521126760564,14.3,0.7,-1.9329249350334299,-1.017001019285324,2.3,0.7,1.5999999999999999
296,DeAndre Liggins,12.482758620689655,6.0,0.0,-4.021770786755663,-3.9245249336790606,0.5,-0.2,0.7
297,Damian Lillard,36.57534246575342,25.2,5.9,4.83671721415115,7.866299097611598,12.6,9.9,2.6999999999999993
298,Jeremy Lin,25.0,15.9,-0.1,-16.115775469896708,-4.295765005095786,0.0,0.0,0.0
299,Shaun Livingston,15.901408450704226,11.6,-0.4,-5.059613239837648,-3.424202769384056,1.8,0.9,0.9
300,Kevon Looney,13.787878787878787,14.8,0.7,-0.717900623779659,-2.397741135472418,2.8,1.5,1.2999999999999998
301,Brook Lopez,23.445945945945947,16.4,1.1,-0.8306805956172272,-0.8795549339294699,3.8,1.9,1.9
302,Robin Lopez,26.40625,14.7,0.0,-3.0887498777035027,-3.0930055670513275,1.9,1.2,0.7
303,Kevin Love,27.983050847457626,22.4,1.4,-0.07850241724777263,2.8528542033655926,6.4,4.7,1.7000000000000002
304,Kyle Lowry,32.17948717948718,19.5,5.0,4.955808775807832,4.430940377504425,10.2,7.0,3.1999999999999993
305,Timothe Luwawu-Cabarrot,15.51923076923077,7.0,-0.5,-5.54304114296755,-4.177368776944824,0.8,0.1,0.7000000000000001
306,Tyler Lydon,2.0,0.0,0.0,-8.505451734761504,-5.958062222148166,0.0,0.0,0.0
307,Trey Lyles,19.054794520547944,17.9,0.4,-2.710828333392805,0.7700578161793538,3.9,2.7,1.1999999999999997
308,Shelvin Mack,19.782608695652176,13.3,-0.1,-4.036806457778869,-2.1968286335288947,2.0,1.0,1.0
309,Josh Magette,12.0,11.9,-0.2,-7.7162487925437695,-3.4609192709229455,0.4,0.3,0.10000000000000003
310,Ian Mahinmi,14.87012987012987,12.2,0.4,-1.7530700498157255,-2.721088170459908,2.2,0.8,1.4000000000000001
311,Thon Maker,16.72972972972973,10.2,-0.2,-4.4817978507315885,-4.172361053583674,1.5,0.3,1.2
312,Boban Marjanovic,8.64102564102564,26.0,0.1,-2.950831423470181,-2.527868757746384,1.5,1.0,0.5
313,Lauri Markkanen,29.705882352941178,15.6,0.1,-5.08354322436292,-2.834897848871067,3.3,1.7,1.5999999999999999
314,Jarell Martin,22.753424657534246,10.5,-0.4,-3.184833250538312,-4.9748917309302945,1.3,0.1,1.2
315,Frank Mason,18.923076923076923,13.0,-0.4,-4.235765238467936,-3.4497629583370655,0.5,0.0,0.5
316,Mangok Mathiang,5.0,18.0,0.0,-11.923562545173613,-7.366083745521306,0.1,0.0,0.1
317,Wesley Matthews,33.82539682539682,11.4,1.1,-1.64059956167058,-1.874024367116973,2.6,1.0,1.6
318,Luc Mbah a Moute,25.639344262295083,10.2,0.8,-1.9438822264525626,-3.0546803400145777,2.8,0.7,2.0999999999999996
319,James Michael McAdoo,6.0,7.4,0.0,-10.380817619155538,-5.3566121107505245,0.0,0.0,0.0
320,Patrick McCaw,16.859649122807017,7.4,-0.3,-4.600862934652704,-2.7834217944313875,0.6,-0.3,0.8999999999999999
321,CJ McCollum,36.08641975308642,17.0,1.8,-0.5722903609795353,-0.4414875782703205,6.6,3.7,2.8999999999999995
322,T.J. McConnell,22.44736842105263,12.5,0.5,-3.8484123594047297,-0.9177181405463544,3.8,1.3,2.5
323,Erik McCree,2.0,-8.9,0.0,-15.830041836921378,-19.023330789014786,-0.1,-0.1,0.0
324,Chris McCullough,4.7368421052631575,15.8,-0.1,-5.076765396043712,-3.843106412603836,0.2,0.1,0.1
325,Doug McDermott,21.82716049382716,10.4,-0.2,-2.9737986225608504,0.06826048816290764,2.3,1.7,0.5999999999999999
326,JaVale McGee,9.461538461538462,22.3,0.7,-1.480774412327634,0.14193739746919065,2.7,1.7,1.0000000000000002
327,Rodney McGruder,16.61111111111111,12.0,0.1,-3.192772531733324,-4.11752172516865,0.8,0.5,0.30000000000000004
328,Trey McKinney-Jones,1.0,0.0,0.0,-6.106677547556173,-7.829374980945392,0.0,0.0,0.0
329,Alfonzo McKinnie,3.7857142857142856,10.1,0.0,-5.130802133214917,-2.6140126724779913,0.1,0.0,0.1
330,Ben McLemore,19.482142857142858,9.7,-0.4,-4.748443608015777,-3.356232920879761,0.5,-0.2,0.7
331,Josh McRoberts,3.0,-12.5,0.0,-13.099448710976931,-8.971520563974106,0.0,0.0,0.0
332,Jodie Meeks,14.532467532467532,12.4,-0.2,-5.406581183101224,-2.183808459518801,2.0,1.3,0.7
333,Salah Mejri,11.950819672131148,17.8,0.9,2.23203287372622,-1.9206559578328393,2.7,1.3,1.4000000000000001
334,Jordan Mickey,12.347826086956522,10.6,-0.2,-6.838570893091227,-6.7483332403861365,0.3,-0.1,0.4
335,Khris Middleton,36.36585365853659,17.4,1.8,-1.5535483767354648,0.20074424185809558,6.9,4.6,2.3000000000000007
336,C.J. Miles,19.1,13.0,0.5,-1.3003948551698037,0.09011203453700456,2.9,1.4,1.5
337,Darius Miller,23.70731707317073,9.3,0.5,-2.318935634719003,3.1880483323919897,3.0,2.1,0.8999999999999999
338,Malcolm Miller,8.4,8.9,0.0,-3.7062767288870244,-0.4701083076185608,0.2,0.1,0.1
339,Patty Mills,25.695121951219512,11.8,0.9,-2.3446096268267933,-0.9470109845581202,4.1,2.0,2.0999999999999996
340,Paul Millsap,30.07894736842105,17.0,0.8,-2.5835858936447638,-1.2490467050896497,2.5,1.4,1.1
341,Nikola Mirotic,27.163636363636364,18.7,1.0,-0.4722569200623449,-0.6295553038992585,4.0,2.2,1.7999999999999998
342,Donovan Mitchell,33.392405063291136,16.7,2.1,-1.6547126551295013,2.0468262879662786,5.2,1.4,3.8000000000000003
343,Naz Mitrou-Long,1.0,133.8,0.0,51.56199929175307,67.96965130751407,0.1,0.1,0.0
344,Malik Monk,13.555555555555555,10.3,-0.5,-5.420753122919377,-4.188245410301657,0.0,-0.5,0.5
345,Greg Monroe,20.392156862745097,21.2,1.2,0.2357516071860304,-0.9688200483901613,3.4,1.8,1.5999999999999999
346,Luis Montero,4.0,-15.5,0.0,-26.287300744363122,-25.34753782337748,-0.1,-0.1,0.0
347,Ben Moore,4.5,-2.3,0.0,-7.290422747779718,-4.529957480272684,0.0,0.0,0.0
348,E'Twaun Moore,31.536585365853657,12.1,1.2,-0.9358415552152892,0.9573269438218949,4.4,2.8,1.6000000000000005
349,Eric Moreland,12.014925373134329,13.9,0.9,1.6438413668263192,-3.9172921938523677,2.3,0.7,1.5999999999999999
350,Jaylen Morris,16.333333333333332,6.5,-0.1,-8.968434408869468,-7.309860901547351,-0.1,-0.2,0.1
351,Marcus Morris,26.796296296296298,14.5,0.1,-4.049392785713053,-1.5863464080989231,3.2,1.1,2.1
352,Markieff Morris,26.958904109589042,13.2,0.7,-2.508969614819753,-2.5843560775472794,3.3,1.2,2.0999999999999996
353,Monte Morris,8.333333333333334,27.1,0.0,0.6331600751267226,4.890187891883859,0.2,0.1,0.1
354,Johnathan Motley,16.0,17.2,-0.1,-5.29056454601434,-3.6778581341750556,0.3,0.1,0.19999999999999998
355,Timofey Mozgov,11.580645161290322,12.3,-0.2,-4.576528524494166,-3.774762081737581,0.4,0.1,0.30000000000000004
356,Emmanuel Mudiay,19.453125,11.5,-0.9,-5.945736900982976,-3.9489990330985307,0.0,-0.7,0.7
357,Shabazz Muhammad,9.720930232558139,15.4,-0.4,-7.225594252220416,-2.441411115307999,0.7,0.5,0.19999999999999996
358,Xavier Munford,3.5,-2.1,-0.1,-14.908184036632232,-9.270270398882687,-0.1,-0.1,0.0
359,Dejounte Murray,21.51851851851852,15.1,1.4,-1.8793010944381632,-2.3979633461122116,3.2,-0.2,3.4000000000000004
360,Jamal Murray,31.666666666666668,16.1,1.2,-1.4758565652056406,0.09997219207768704,5.5,4.3,1.2000000000000002
361,Mike Muscala,20.0,14.4,0.6,-1.4592921222747266,-0.13884492522000702,2.4,1.5,0.8999999999999999
362,Abdel Nader,10.875,5.1,-0.5,-8.045110113828883,-5.779518856767511,-0.1,-0.9,0.8
363,Larry Nance,21.53030303030303,20.2,1.9,2.8338268433905407,-1.9064751331926293,5.8,3.6,2.1999999999999997
364,Shabazz Napier,20.743243243243242,14.2,0.8,-1.608620422587135,-2.7486646695217134,3.2,1.2,2.0
365,Jameer Nelson,20.26,8.1,-0.5,-5.171946789369672,-5.8673570288615995,0.6,-0.1,0.7
366,Raul Neto,12.146341463414634,11.9,-0.1,-5.868189136450723,-2.38637177754824,0.9,0.3,0.6000000000000001
367,Georges Niang,3.5555555555555554,9.2,0.0,-5.577637136501495,-6.153615433547489,0.0,-0.1,0.1
368,Joakim Noah,5.714285714285714,15.6,0.0,0.20530626988444345,-2.822186289393882,0.1,0.0,0.1
369,Nerlens Noel,15.733333333333333,16.2,0.4,-0.0771650402661368,-4.963927001446173,1.3,0.4,0.9
370,Lucas Nogueira,8.53061224489796,17.3,0.8,4.419312638687209,-1.6093209450611496,1.6,0.7,0.9000000000000001
371,Dirk Nowitzki,24.675324675324674,16.7,1.1,-0.8727851199253747,-0.7289323333554342,4.8,2.6,2.1999999999999997
372,Frank Ntilikina,21.871794871794872,7.0,-0.8,-4.721799042225077,-4.51059152184703,-0.9,-2.0,1.1
373,Jusuf Nurkic,26.430379746835442,19.2,1.2,-2.390615964052515,-3.890471295276531,4.7,0.8,3.9000000000000004
374,David Nwaba,23.514285714285716,12.2,0.1,-3.2396700385221804,-2.8490206299077236,2.4,1.1,1.2999999999999998
375,Johnny O'Bryant,10.527777777777779,11.9,-0.3,-5.54168252583733,-3.8481358795219665,0.3,-0.1,0.4
376,Royce O'Neale,16.666666666666668,10.8,0.4,-3.4149956364258878,-3.78405469091118,2.4,0.5,1.9
377,Kyle O'Quinn,18.01298701298701,20.0,2.3,2.098054033450349,-0.3465620244912639,4.8,2.7,2.0999999999999996
378,Semi Ojeleye,15.753424657534246,4.6,-0.4,-2.5956822168437617,-3.3650609469281445,1.2,-0.2,1.4
379,Emeka Okafor,13.576923076923077,16.4,0.1,-2.4330918278362033,-3.438919309273505,1.0,0.5,0.5
380,Jahlil Okafor,12.607142857142858,15.3,-0.2,-6.033600206664416,-5.618926572000495,0.6,0.3,0.3
381,Victor Oladipo,34.026666666666664,23.1,4.5,2.178355633356758,3.1954717724788795,8.3,4.3,4.000000000000001
382,Kelly Olynyk,23.407894736842106,17.8,2.2,2.1285812972823255,0.9404262577736218,5.5,2.8,2.7
383,Chinanu Onuaku,22.0,-3.2,-0.1,-14.554579718584556,-10.285847528161444,-0.1,-0.1,0.0
384,Cedi Osman,11.01639344262295,11.0,-0.2,-5.274363220585842,-1.8760788077067292,0.9,0.5,0.4
385,Kelly Oubre,27.54320987654321,11.9,0.4,-3.0546156828503093,-2.4258301121699875,3.7,1.4,2.3000000000000003
386,Zaza Pachulia,14.08695652173913,17.0,0.7,-0.917880094122518,-0.12192735459020199,3.3,1.8,1.4999999999999998
387,Marcus Paige,5.6,9.1,0.0,-8.50809383196111,-4.7800614705402396,0.0,0.0,0.0
388,Georgios Papagiannis,7.176470588235294,12.2,-0.1,-5.1903843225917115,-5.955659393703572,0.0,-0.1,0.1
389,Jabari Parker,23.967741935483872,17.1,0.0,-3.013097543968711,-2.096141601136875,1.2,0.6,0.6
390,Tony Parker,19.472727272727273,12.7,-0.6,-5.945814756141033,-2.7217346641699205,1.4,0.4,0.9999999999999999
391,Chandler Parsons,19.194444444444443,13.6,0.1,-2.138534686169006,0.6627767940144568,1.1,0.7,0.40000000000000013
392,Patrick Patterson,15.487804878048781,10.0,0.2,-2.2366241447024886,-2.5122814459299487,2.6,1.2,1.4000000000000001
393,Justin Patton,4.0,19.8,0.0,1.714116822786309,-0.7130832593222691,0.0,0.0,0.0
394,Brandon Paul,9.0,7.5,-0.1,-5.0689357759389555,-4.404344569451857,0.5,-0.3,0.8
395,Chris Paul,31.844827586206897,24.4,4.3,3.7852046979663583,5.817908066130581,10.2,7.5,2.6999999999999993
396,Adreian Payne,8.6,18.8,0.0,-5.5261661789877605,-0.14346898376789527,0.2,0.1,0.1
397,Cameron Payne,23.28,14.0,0.2,0.18801205128989074,-2.616879937986329,0.8,0.3,0.5
398,Elfrid Payton,28.6984126984127,16.5,1.0,-0.9641242706196048,-2.0878062198587366,2.8,1.4,1.4
399,Gary Payton,9.608695652173912,9.8,-0.1,-4.195255162898651,-2.1688766032208378,0.2,0.0,0.2
400,Kendrick Perkins,15.0,8.4,0.0,-6.820545544899462,-6.01335158331616,0.0,0.0,0.0
401,London Perrantes,4.714285714285714,0.7,-0.1,-9.115953516534999,-10.583084010215739,-0.1,-0.1,0.0
402,Alec Peters,11.25,10.7,-0.1,-5.052383419293249,-2.0125407185864743,0.3,0.2,0.09999999999999998
403,Marshall Plumlee,6.5,10.9,0.0,-6.700359605019866,-3.4338292745880556,0.2,0.1,0.1
404,Mason Plumlee,19.445945945945947,16.9,1.4,-0.9544263559049704,-1.6385277139907553,3.6,1.8,1.8
405,Miles Plumlee,16.69090909090909,10.6,-0.1,-4.117319678096555,-6.424100072807901,0.9,0.1,0.8
406,Jakob Poeltl,18.585365853658537,17.5,2.0,2.96565906525466,1.1182023482242562,5.6,3.1,2.4999999999999996
407,Quincy Pondexter,8.521739130434783,4.0,-0.2,-8.517160438086274,-6.169120095388015,-0.2,-0.3,0.09999999999999998
408,Otto Porter,31.584415584415584,18.3,3.4,2.1231355728627923,2.7568570469406444,8.1,5.0,3.0999999999999996
409,Bobby Portis,22.506849315068493,19.7,1.0,-1.205372834368724,1.9103939180705423,3.5,2.0,1.5
410,Kristaps Porzingis,32.354166666666664,20.4,0.5,-2.248619886720702,-1.9494335384252532,3.2,1.4,1.8000000000000003
411,Dwight Powell,21.164556962025316,18.8,2.0,2.2092939742972133,1.0117739400685428,6.6,4.6,2.0
412,Norman Powell,15.17142857142857,8.5,-0.2,-4.052979724697687,-3.7703361553377803,0.6,-0.6,1.2
413,Alex Poythress,4.16,7.8,-0.1,-5.384353148742441,-3.1125621971026667,0.1,0.1,0.0
414,Jacob Pullen,2.0,-2.3,0.0,-17.085949880212222,-11.819783062179521,0.0,0.0,0.0
415,Rodney Purvis,18.125,4.5,-0.4,-9.42782401876238,-6.72763745616945,-0.3,-0.4,0.10000000000000003
416,Zhou Qi,6.888888888888889,1.9,-0.2,-8.959507879345585,-12.808832230855348,-0.3,-0.5,0.2
417,Tim Quarterman,4.333333333333333,2.9,0.0,-11.282695601388559,-10.841269989036581,0.0,0.0,0.0
418,Ivan Rabb,14.333333333333334,16.6,0.1,-2.0628745818023893,-2.698941884085505,1.2,0.7,0.5
419,Julius Randle,26.70731707317073,19.9,1.6,0.38655275670638944,0.03946617148622589,6.6,4.0,2.5999999999999996
420,Zach Randolph,25.559322033898304,17.3,0.1,-0.9870445351165862,-2.451761717799141,1.5,0.3,1.2
421,Xavier Rathan-Mayes,23.6,0.9,-0.3,-11.486955191413116,-7.97818043795581,-0.4,-0.5,0.09999999999999998
422,J.J. Redick,30.228571428571428,15.9,1.1,-1.9178500118540738,1.3858744674196406,6.6,4.8,1.7999999999999998
423,Davon Reed,11.523809523809524,4.8,-0.3,-6.831241152373169,-6.9596173720329215,-0.3,-0.5,0.2
424,Willie Reed,10.19047619047619,19.2,0.1,-3.202287136972687,-2.9401858285489784,1.5,1.0,0.5
425,Josh Richardson,33.19753086419753,13.6,2.3,-0.4707084283445142,-0.5264912284158579,5.4,1.8,3.6000000000000005
426,Malachi Richardson,12.461538461538462,5.9,-0.4,-8.019594694923834,-6.211147172756949,-0.1,-0.2,0.1
427,Austin Rivers,33.721311475409834,12.6,0.6,-0.48761064118613817,0.5498308605400719,2.4,1.4,1.0
428,Andre Roberson,26.58974358974359,10.9,0.9,-0.48907784767037743,-2.549719913088341,2.2,0.8,1.4000000000000001
429,Devin Robinson,13.0,10.5,0.0,-8.842702404814297,-6.430552015096346,0.0,0.0,0.0
430,Glenn Robinson,14.695652173913043,10.8,0.0,-3.582032884321549,-1.2918908678631436,0.6,0.4,0.19999999999999996
431,Rajon Rondo,26.23076923076923,15.3,0.4,-3.0275963924252167,-1.0819473289267298,3.6,1.9,1.7000000000000002
432,Derrick Rose,16.8,11.5,-0.6,-8.711294332513367,-5.983876848090394,-0.2,-0.2,0.0
433,Terrence Ross,25.0,9.9,0.0,-3.6022515810326894,-3.090081052895221,0.3,-0.2,0.5
434,Terry Rozier,25.85,15.1,2.0,1.5454530069994423,-0.49944429701918125,5.6,2.2,3.3999999999999995
435,Ricky Rubio,29.272727272727273,15.4,2.1,-1.6669970995419636,0.300245495994668,5.3,1.5,3.8
436,D'Angelo Russell,25.708333333333332,15.2,0.5,0.6290473319817195,1.5702046723359342,0.4,-0.5,0.9
437,Domantas Sabonis,24.45945945945946,17.5,0.8,-3.45445657092249,-0.7098397216804258,4.7,2.5,2.2
438,JaKarr Sampson,15.636363636363637,13.9,0.1,-2.327090239988097,-3.411113187822295,0.8,0.4,0.4
439,Dario Saric,29.615384615384617,15.8,2.0,0.6576896801988715,0.7126578269138308,6.6,3.8,2.8
440,Tomas Satoransky,22.506849315068493,15.4,1.3,0.6766578193403525,0.03841934029776062,5.0,3.7,1.2999999999999998
441,Dennis Schroder,31.01492537313433,17.3,0.7,-2.3564464468814528,-0.4739287869278943,2.6,1.5,1.1
442,Mike Scott,18.5,13.7,-0.1,-4.573393873928747,-1.3268525631475052,2.5,1.4,1.1
443,Thabo Sefolosha,21.210526315789473,15.8,0.8,-0.2461238208798524,-2.3939030541166364,2.6,1.0,1.6
444,Wayne Selden,19.771428571428572,11.8,-0.4,-6.706135445688825,-2.836996239086588,0.3,0.1,0.19999999999999998
445,Ramon Sessions,14.0,11.2,-0.3,-6.690054014332722,-4.1674902921894414,0.3,0.1,0.19999999999999998
446,Iman Shumpert,19.714285714285715,6.4,-0.1,-4.974410230266159,-3.623105944515145,0.0,-0.2,0.2
447,Pascal Siakam,20.728395061728396,14.5,1.7,1.0004940271624443,-1.6777542327276032,4.7,2.1,2.6
448,Xavier Silas,3.5,-4.9,0.0,-15.964409711880663,-13.524940563545606,0.0,-0.1,0.1
449,Ben Simmons,33.72839506172839,20.0,4.6,2.9836559744269104,-0.019609311679591235,9.2,4.2,4.999999999999999
450,Jonathon Simmons,29.405797101449274,12.7,-0.2,-3.471635369105463,-3.8177526549478786,1.9,0.8,1.0999999999999999
451,Kobi Simmons,20.09375,7.7,-0.6,-6.952142407178911,-5.671475035533115,-0.2,-0.4,0.2
452,Kyle Singler,4.916666666666667,5.9,-0.1,-14.614170206201738,-8.11205033864294,0.0,-0.1,0.1
453,Marcus Smart,29.88888888888889,10.8,0.6,-0.968494965417356,-1.7378146614877563,1.9,-0.6,2.5
454,Dennis Smith,29.695652173913043,12.8,-0.1,-2.8594056592364487,-2.985284547556046,-0.7,-2.4,1.7
455,Ish Smith,24.914634146341463,15.4,0.4,-3.191440749650229,-3.4744452163411688,4.4,2.4,2.0000000000000004
456,J.R. Smith,28.05,8.5,0.2,-2.4325507908030524,-1.5686496507687853,1.4,0.6,0.7999999999999999
457,Jason Smith,8.636363636363637,8.8,-0.3,-7.487328317300213,-6.785714161995907,0.0,-0.2,0.2
458,Josh Smith,4.0,3.5,0.0,-15.193682365562738,-7.940404580079598,0.0,0.0,0.0
459,Tony Snell,27.373333333333335,8.5,0.1,-2.6130573752763255,1.3349860486237384,2.4,1.6,0.7999999999999998
460,Marreese Speights,12.98076923076923,13.7,-0.1,-3.828855093353616,0.2536885957147928,0.6,0.1,0.5
461,Nik Stauskas,12.75609756097561,9.0,-0.3,-6.908324888591497,-1.0871750800993574,0.3,0.1,0.19999999999999998
462,Lance Stephenson,22.5609756097561,12.4,0.0,-3.6130258873204406,-3.1478607558312213,1.8,-0.3,2.1
463,David Stockton,3.0,33.9,0.0,4.294247557207122,12.14435252907688,0.1,0.1,0.0
464,Julyan Stone,7.608695652173913,7.6,0.0,-2.690521954000862,-3.75611744331627,0.3,0.2,0.09999999999999998
465,Edmond Sumner,2.0,39.8,0.0,-6.6258223900387945,2.141105014209117,0.0,0.0,0.0
466,Caleb Swanigan,7.0,7.5,-0.2,-6.110031042711025,-6.515874130968724,0.0,-0.3,0.3
467,Jayson Tatum,30.475,15.3,1.8,-0.062205411451670134,-1.8934093904641454,7.1,3.0,4.1
468,Isaiah Taylor,17.417910447761194,10.9,-1.0,-4.754813144267733,-3.6987441358582216,0.6,0.2,0.39999999999999997
469,Jeff Teague,33.01428571428571,16.4,1.3,-2.18549859590705,2.2808018145380826,4.9,3.4,1.5000000000000004
470,Marquis Teague,24.666666666666668,5.7,-0.1,-8.923545043528598,-8.71093365369037,-0.1,-0.1,0.0
471,Mirza Teletovic,15.9,13.5,0.0,-4.050929718486074,0.8610950751161436,0.3,0.2,0.09999999999999998
472,Garrett Temple,24.846153846153847,10.2,0.1,-2.7130855628178883,-2.3321344917359026,1.2,0.3,0.8999999999999999
473,Milos Teodosic,25.2,11.6,0.2,-1.3058845457199688,-1.0903504257167855,1.4,0.9,0.4999999999999999
474,Jason Terry,15.96078431372549,8.1,0.0,-3.4554265818327066,-3.557412383366501,0.7,0.1,0.6
475,Daniel Theis,14.857142857142858,16.1,1.1,0.5070409104389042,0.15064051746757912,3.5,1.6,1.9
476,Isaiah Thomas,26.9375,12.6,-0.7,-5.976659469873136,-1.5301713138435975,0.2,-0.1,0.30000000000000004
477,Lance Thomas,18.534246575342465,6.3,-0.2,-4.410119250331022,-4.1794292658257195,0.9,0.3,0.6000000000000001
478,Klay Thompson,34.32876712328767,16.1,0.9,-3.9814524592373126,1.6925602329995542,4.9,3.2,1.7000000000000002
479,Tristan Thompson,20.22641509433962,13.6,-0.1,-2.618360487455252,-1.336838646687194,2.5,1.8,0.7
480,Sindarius Thornwell,15.835616438356164,8.2,0.1,-0.596109855369501,-4.375240270516414,1.0,0.1,0.9
481,Anthony Tolliver,22.240506329113924,13.9,1.5,-2.609519578611965,2.0862614290197725,5.3,3.8,1.5
482,Karl-Anthony Towns,35.58536585365854,24.9,5.5,2.057405887460353,4.157011583330711,14.0,10.6,3.4000000000000004
483,P.J. Tucker,27.817073170731707,8.3,1.2,-2.738067965885313,-3.193742702499675,3.9,1.0,2.9
484,Evan Turner,25.746835443037973,9.9,0.1,-3.4729323316133014,-3.4870851538072865,2.6,0.5,2.1
485,Myles Turner,28.246153846153845,16.6,1.3,-0.007599123569299149,-5.244228003014761,4.7,2.2,2.5
486,Ekpe Udoh,12.857142857142858,15.2,1.6,4.055726365418013,-1.0291176232246828,3.2,1.3,1.9000000000000001
487,Tyler Ulis,23.35211267605634,10.1,-1.3,-7.0570800412171835,-3.9018331918320133,-0.2,-0.7,0.49999999999999994
488,Jonas Valanciunas,22.428571428571427,22.5,1.5,0.8376612895236674,-0.8356787758136706,7.6,4.6,3.0
489,Denzel Valentine,27.207792207792206,12.1,0.8,-1.9399703841052975,-0.5652207970766574,2.5,1.0,1.5
490,Fred VanVleet,20.0,15.9,1.5,1.9517134135641132,-0.057234218468365405,4.7,2.7,2.0
491,Rashad Vaughn,7.571428571428571,9.3,-0.1,-6.21217957774313,-1.6583970935487966,0.2,0.1,0.1
492,Noah Vonleh,16.203703703703702,12.8,-0.2,-5.914005210543693,-4.597109735782206,1.6,0.5,1.1
493,Nikola Vucevic,29.526315789473685,19.7,2.0,2.6990171466218653,0.5385965358328731,3.6,1.3,2.3
494,Dwyane Wade,22.925373134328357,15.0,0.0,-2.2992614512465677,-2.612428835782709,1.1,-0.4,1.5
495,Dion Waiters,30.6,10.5,-0.5,-4.803074213078867,-2.798763700492657,0.1,-0.7,0.7999999999999999
496,Kemba Walker,34.2,20.6,3.6,2.948133104731533,4.879592186283997,8.5,6.5,2.0
497,John Wall,34.390243902439025,19.1,1.2,0.8190655212239952,-0.07965438731309082,2.7,1.2,1.5000000000000002
498,Tyrone Wallace,28.366666666666667,10.1,0.0,-3.0970516090719253,-4.782403463767298,0.7,0.2,0.49999999999999994
499,Taurean Waller-Prince,30.048780487804876,12.8,0.8,-1.723128438125924,-1.3120893605127861,2.0,0.0,2.0
500,Derrick Walton,9.1875,11.2,0.1,0.6409016351388688,-2.057862729244763,0.4,0.2,0.2
501,Jameel Warney,9.0,22.6,-0.1,-13.464747224966919,-2.883512831917028,0.1,0.1,0.0
502,T.J. Warren,32.95384615384615,17.6,0.1,-3.9922391384163243,-2.890284407037104,3.4,2.6,0.7999999999999998
503,Travis Wear,13.411764705882353,6.9,-0.2,-6.475367798502572,-4.991507485654336,0.2,0.0,0.2
504,James Webb,12.0,2.2,-0.1,-7.867636005811358,-5.316525987097622,-0.1,-0.1,0.0
505,Briante Weber,13.166666666666666,10.1,0.1,-0.16843272043144253,-4.238913681102313,0.4,0.0,0.4
506,David West,13.684931506849315,20.9,1.3,0.9548258978552768,-1.4333416739205989,3.5,1.8,1.7
507,Russell Westbrook,36.425,24.7,7.5,6.055210193128744,3.787637379481268,10.1,5.5,4.6
508,Andrew White,13.933333333333334,5.8,-0.3,-8.194376524379303,-4.851907085607741,-0.1,-0.2,0.1
509,Derrick White,8.176470588235293,15.9,0.1,-0.5175165091430252,-0.5128893176256901,0.5,0.3,0.2
510,Okaro White,13.333333333333334,8.9,0.0,-4.583890692599509,-2.5191846848909982,0.2,0.1,0.1
511,Isaiah Whitehead,11.25,11.5,-0.2,-7.1127759739496135,-0.6808196392793446,-0.1,-0.3,0.19999999999999998
512,Hassan Whiteside,25.25925925925926,24.1,0.8,-1.3676559934426165,-1.8934401055076484,5.3,2.3,3.0
513,Andrew Wiggins,36.329268292682926,13.0,-0.4,-6.068280765902565,-2.7751683026402643,2.1,0.5,1.6
514,Jacob Wiley,6.6,8.2,0.0,-4.6972923015143495,-5.929872970215012,0.1,0.0,0.1
515,Damien Wilkins,8.0,4.9,-0.2,-9.127885154835244,-3.6631335693914466,-0.1,-0.1,0.0
516,Alan Williams,14.0,9.3,0.0,-7.230828443893253,-6.047068602178527,0.0,-0.1,0.1
517,C.J. Williams,18.605263157894736,9.5,0.1,-4.432431492970807,-0.8784906635437721,0.7,0.3,0.39999999999999997
518,Derrick Williams,4.5,-3.2,0.0,-20.00806628843331,-11.240808860396333,0.0,0.0,0.0
519,Lou Williams,32.77215189873418,20.2,2.0,0.9290896336035186,2.510095908978337,6.7,5.5,1.2000000000000002
520,Marvin Williams,25.71794871794872,13.9,1.9,0.44311091900076094,-0.856571265339908,5.0,3.1,1.9
521,Matt Williams,3.6666666666666665,-0.7,0.0,-17.848169331454113,-8.840826302265572,0.0,-0.1,0.1
522,Troy Williams,14.619047619047619,15.1,0.2,-0.17649131565589404,-0.45940397292297397,0.5,0.2,0.3
523,D.J. Wilson,3.227272727272727,10.3,0.0,-6.297221860764372,-4.507657665266786,0.1,0.0,0.1
524,Jamil Wilson,18.266666666666666,11.4,0.1,-1.8269781852562608,-1.3526733708796699,0.5,0.4,0.09999999999999998
525,Justise Winslow,24.705882352941178,11.5,0.4,-1.9572791758867476,-3.456118262043234,2.6,0.2,2.4
526,Jeff Withey,4.333333333333333,8.3,-0.1,-14.075136963815025,-10.738641415614868,0.0,-0.1,0.1
527,Nate Wolters,3.8,-2.9,0.0,-14.281103846049724,-10.429913745949133,-0.1,-0.1,0.0
528,Brandan Wright,13.607142857142858,19.0,0.3,0.7151355946088075,-2.4343280013787627,1.3,0.8,0.5
529,Delon Wright,20.768115942028984,16.5,1.7,1.2069464880329521,-1.4147492479066168,4.5,2.5,2.0
530,Guerschon Yabusele,7.121212121212121,12.3,0.1,-2.2420984741594436,-3.0592671990088887,0.6,0.3,0.3
531,James Young,10.166666666666666,4.6,-0.1,-7.581810852473261,-4.325642189269512,0.1,0.0,0.1
532,Joe Young,10.528301886792454,10.1,-0.4,-4.556986363271543,-4.3543933269051855,0.5,0.1,0.4
533,Nick Young,17.4125,10.0,-0.6,-4.7930621756506895,-2.997283820787538,1.7,0.8,0.8999999999999999
534,Thaddeus Young,32.18518518518518,14.8,2.3,-1.0999136981557913,-0.28753842632495175,5.5,2.3,3.2
535,Cody Zeller,19.0,15.9,0.4,-1.7454777863229116,-1.8731034160507876,1.9,1.2,0.7
536,Tyler Zeller,16.803030303030305,16.0,0.1,-3.703021042593393,-1.230449549220852,2.9,2.0,0.8999999999999999
537,Paul Zipser,15.25925925925926,5.2,-0.8,-8.682726350417564,-6.08754843998154,-0.6,-1.2,0.6
538,Ante Zizic,6.6875,24.2,0.1,-0.877104921924586,0.6571542535781985,1.0,0.9,0.09999999999999998
539,Ivica Zubac,9.534883720930232,15.3,0.0,-2.7168081637067947,-4.076949586391031,1.0,0.5,0.5
